{"cameraMode":{"drawMode":0,"name":"Shaded","section":"Shading Mode"},"sceneLighting":true,"audioPlay":false,"sceneViewState":{"m_AlwaysRefresh":false,"showFog":true,"showSkybox":true,"showFlares":true,"showImageEffects":true,"showParticleSystems":true,"showVisualEffectGraphs":true,"m_FxEnabled":true},"in2DMode":false,"pivot":{"x":279.6296691894531,"y":114.92945861816406,"z":282.6172790527344},"rotation":{"x":0.08902961015701294,"y":-0.9104655385017395,"z":0.30121466517448428,"w":0.26911836862564089},"size":5.226293563842773,"orthographic":false}