{"cameraMode":{"drawMode":2,"name":"Shaded Wireframe","section":"Shading Mode"},"sceneLighting":true,"audioPlay":false,"sceneViewState":{"m_AlwaysRefresh":false,"showFog":true,"showSkybox":true,"showFlares":true,"showImageEffects":true,"showParticleSystems":true,"showVisualEffectGraphs":true,"m_FxEnabled":true},"in2DMode":false,"pivot":{"x":0.18320012092590333,"y":0.9151942133903503,"z":0.18807357549667359},"rotation":{"x":0.09396342188119888,"y":0.8246523141860962,"z":-0.14365392923355103,"w":0.5390831232070923},"size":0.8634020686149597,"orthographic":false}