{"cameraMode":{"drawMode":2,"name":"Shaded Wireframe","section":"Shading Mode"},"sceneLighting":true,"audioPlay":false,"sceneViewState":{"m_AlwaysRefresh":false,"showFog":true,"showSkybox":true,"showFlares":true,"showImageEffects":true,"showParticleSystems":true,"showVisualEffectGraphs":true,"m_FxEnabled":true},"in2DMode":false,"pivot":{"x":-0.017217449843883516,"y":2.233954668045044,"z":-0.027751628309488298},"rotation":{"x":-0.6860781908035278,"y":0.012975526973605156,"z":-0.010630901902914048,"w":-0.727620005607605},"size":0.0035969435703009369,"orthographic":false}