{"cameraMode":{"drawMode":2,"name":"Shaded Wireframe","section":"Shading Mode"},"sceneLighting":true,"audioPlay":false,"sceneViewState":{"m_AlwaysRefresh":false,"showFog":true,"showSkybox":true,"showFlares":true,"showImageEffects":true,"showParticleSystems":true,"showVisualEffectGraphs":true,"m_FxEnabled":true},"in2DMode":false,"pivot":{"x":0.5475282669067383,"y":2.3855650424957277,"z":1.1056036949157715},"rotation":{"x":-0.06823782622814179,"y":0.9124577045440674,"z":-0.36844828724861147,"w":-0.16562695801258088},"size":0.002728687832131982,"orthographic":false}