{"cameraMode":{"drawMode":2,"name":"Shaded Wireframe","section":"Shading Mode"},"sceneLighting":true,"audioPlay":false,"sceneViewState":{"m_AlwaysRefresh":false,"showFog":true,"showSkybox":true,"showFlares":true,"showImageEffects":true,"showParticleSystems":true,"showVisualEffectGraphs":true,"m_FxEnabled":true},"in2DMode":false,"pivot":{"x":0.22414761781692506,"y":1.7062427997589112,"z":0.7173529863357544},"rotation":{"x":-0.0009035799303092063,"y":-0.9970487952232361,"z":0.07345756888389588,"w":-0.03054024651646614},"size":0.0014631688827648759,"orthographic":false}