{"cameraMode":{"drawMode":2,"name":"Shaded Wireframe","section":"Shading Mode"},"sceneLighting":true,"audioPlay":false,"sceneViewState":{"m_AlwaysRefresh":false,"showFog":true,"showSkybox":true,"showFlares":true,"showImageEffects":true,"showParticleSystems":true,"showVisualEffectGraphs":true,"m_FxEnabled":true},"in2DMode":false,"pivot":{"x":0.18477487564086915,"y":0.9200000762939453,"z":0.18738412857055665},"rotation":{"x":0.09315484017133713,"y":0.8248668909072876,"z":-0.14241670072078706,"w":0.5392234325408936},"size":0.8634020686149597,"orthographic":false}